Tstamp,station_ID,pm25,pm10,h,t
2023-05-15 22:55:07,A230398,104,40,64,28.8
2023-05-15 22:55:18,A230383,146,56,64,28.8
2023-05-15 22:55:30,A230626,103,42,64,28.8
2023-05-15 22:54:49,A230443,91,33,67,28.3
2023-05-15 22:55:42,A231934,112,45,76,28.3
2023-05-15 22:52:56,A364435,107,42,64,29.4
2023-05-15 22:55:51,A358570,108,41,64,28.8
2023-05-15 22:54:42,A06487,106,41,73,30.5
2023-05-15 23:55:08,A230398,118,48,67,28.8
2023-05-15 23:55:08,A230383,131,53,65,25.5
2023-05-15 23:55:31,A230626,97,38,66,28.8
2023-05-15 23:54:50,A230443,87,32,66,28.8
2023-05-15 23:53:43,A231934,106,43,78,28.3
2023-05-15 23:57:09,A364435,106,41,65,29.4
2023-05-15 23:55:52,A358570,106,41,65,28.8
2023-05-15 23:56:43,A06487,104,39,74,30.5
2023-05-16 00:57:09,A230398,111,44,68,28.3
2023-05-16 00:57:08,A230383,120,50,65,10
2023-05-16 00:57:33,A230626,96,39,66,28.8
2023-05-16 00:56:52,A230443,93,34,67,28.8
2023-05-16 00:55:44,A231934,104,40,81,27.7
2023-05-16 00:57:10,A364435,106,42,66,28.8
2023-05-16 00:55:53,A358570,105,40,65,28.8
2023-05-16 00:54:44,A06487,106,41,75,30
2023-05-16 01:55:10,A230398,117,49,69,28.8
2023-05-16 01:55:10,A230383,119,48,67,28.8
2023-05-16 01:55:34,A230626,97,38,67,28.8
2023-05-16 01:54:53,A230443,90,33,67,28.8
2023-05-16 01:53:45,A231934,106,42,81,28.3
2023-05-16 01:55:11,A364435,110,43,66,28.8
2023-05-16 01:53:54,A358570,108,41,65,28.8
2023-05-16 01:54:45,A06487,108,42,77,30
2023-05-16 02:55:13,A230398,135,54,70,28.8
2023-05-16 02:55:12,A230383,132,53,68,28.8
2023-05-16 02:55:35,A230626,106,44,68,28.8
2023-05-16 02:54:54,A230443,91,33,67,28.8
2023-05-16 02:55:46,A231934,117,47,82,28.3
2023-05-16 02:55:11,A364435,120,48,67,28.8
2023-05-16 02:55:55,A358570,117,46,65,28.8
2023-05-16 02:54:46,A06487,111,43,77,30
2023-05-16 03:57:14,A230398,136,54,71,28.8
2023-05-16 03:57:15,A230383,132,53,69,28.8
2023-05-16 03:57:36,A230626,107,45,70,28.8
2023-05-16 03:56:55,A230443,91,34,67,29.4
2023-05-16 03:57:47,A231934,119,48,83,28.3
2023-05-16 03:57:12,A364435,115,47,68,28.8
2023-05-16 03:57:56,A358570,113,44,66,28.8
2023-05-16 03:56:47,A06487,117,46,78,30
2023-05-16 04:53:16,A230398,126,52,71,28.8
2023-05-16 04:53:17,A230383,162,66,71,28.3
2023-05-16 04:55:37,A230626,104,43,71,28.3
2023-05-16 04:54:56,A230443,102,40,69,28.8
2023-05-16 04:55:47,A231934,118,50,85,28.3
2023-05-16 04:55:12,A364435,121,49,69,28.8
2023-05-16 04:55:57,A358570,118,47,67,28.8
2023-05-16 04:54:48,A06487,118,47,80,30.5
2023-05-16 05:55:18,A230398,129,53,71,29.4
2023-05-16 05:49:17,A230383,153,60,69,28.8
2023-05-16 05:53:39,A230626,118,50,70,28.8
2023-05-16 05:56:57,A230443,105,42,69,29.4
2023-05-16 05:53:48,A231934,125,52,82,28.8
2023-05-16 05:55:31,A364435,133,53,70,29.4
2023-05-16 05:53:58,A358570,128,52,67,29.4
2023-05-16 05:56:48,A06487,126,51,79,30.5
2023-05-16 06:57:21,A230398,129,53,70,30
2023-05-16 06:57:18,A230383,152,59,64,10
2023-05-16 06:57:40,A230626,119,51,66,30.5
2023-05-16 06:53:01,A230443,107,43,67,30
2023-05-16 06:55:49,A231934,127,52,80,29.4
2023-05-16 06:57:33,A364435,134,53,67,30
2023-05-16 06:56:00,A358570,129,52,67,30
2023-05-16 06:56:50,A06487,129,52,77,31.1
2023-05-16 07:57:23,A230398,116,48,66,30.5
2023-05-16 07:57:19,A230383,148,56,59,32.2
2023-05-16 07:57:40,A230626,123,52,62,31.6
2023-05-16 07:57:10,A230443,115,47,63,31.1
2023-05-16 07:57:50,A231934,127,52,72,31.1
2023-05-16 07:57:29,A364435,132,53,62,31.6
2023-05-16 07:56:01,A358570,128,51,64,30.5
2023-05-16 07:56:51,A06487,133,53,74,32.2
2023-05-16 08:57:26,A230398,116,48,62,31.6
2023-05-16 08:49:19,A230383,150,56,56,32.7
2023-05-16 08:57:41,A230626,110,45,56,33.3
2023-05-16 08:55:06,A230443,109,43,59,31.1
2023-05-16 08:55:51,A231934,123,50,63,32.7
2023-05-16 08:57:30,A364435,133,53,57,33.3
2023-05-16 08:56:02,A358570,133,52,61,31.6
2023-05-16 08:56:52,A06487,140,55,68,33.3
2023-05-16 09:53:28,A230398,114,46,60,32.7
2023-05-16 09:52:11,A230383,133,53,51,35
2023-05-16 09:53:43,A230626,108,45,51,35
2023-05-16 09:55:01,A230443,108,43,53,33.8
2023-05-16 09:33:52,A231934,122,50,61,33.3
2023-05-16 09:57:31,A364435,126,51,53,34.4
2023-05-16 09:56:03,A358570,126,51,56,32.7
2023-05-16 09:56:53,A06487,123,49,59,35.5
2023-05-16 10:57:28,A230398,105,41,52,35
2023-05-16 10:54:09,A230383,131,52,47,36.09
2023-05-16 10:57:44,A230626,122,50,49,35.5
2023-05-16 10:57:05,A230443,112,45,47,36.59
2023-05-16 09:33:52,A231934,122,50,61,33.3
2023-05-16 10:57:35,A364435,123,49,48,36.09
2023-05-16 10:56:04,A358570,125,50,53,33.8
2023-05-16 10:56:54,A06487,122,49,55,36.59
2023-05-16 11:55:29,A230398,98,36,49,35.5
2023-05-16 11:56:10,A230383,119,48,42,37.7
2023-05-16 11:55:45,A230626,97,37,42,37.7
2023-05-16 11:55:13,A230443,98,37,44,37.7
2023-05-16 09:33:52,A231934,122,50,61,33.3
2023-05-16 11:33:35,A364435,121,48,47,37.2
2023-05-16 11:56:06,A358570,120,47,48,35.5
2023-05-16 11:54:55,A06487,112,43,50,38.3
2023-05-16 12:55:30,A230398,93,34,45,36.59
2023-05-16 12:56:11,A230383,106,41,36,41.1
2023-05-16 12:55:47,A230626,89,31,39,38.8
2023-05-16 12:55:11,A230443,92,33,39,38.8
2023-05-16 12:55:17,A231934,97,36,44,36.59
2023-05-16 11:33:35,A364435,121,48,47,37.2
2023-05-16 12:56:07,A358570,107,41,42,36.59
2023-05-16 12:54:56,A06487,96,34,45,38.8
2024-01-03 10:55:44,A230398,11,2,52,22.7
2024-01-03 10:54:50,A230383,151,57,52,22.7
2024-01-03 10:56:03,A230626,93,36,57,21.6
2024-01-03 10:50:53,A230443,70,25,60,21.1
2024-01-03 10:54:58,A231934,99,38,72,21.6
2024-01-03 10:51:10,A364435,100,39,55,20.5
2024-01-03 10:54:38,A358570,99,37,53,22.2
2024-01-03 10:55:15,A06487,101,39,60,23.3
2024-01-03 11:53:45,A230398,0,0,52,22.7
2024-01-03 11:54:51,A230383,120,49,55,21.6
2024-01-03 11:54:05,A230626,103,44,65,20
2024-01-03 11:55:02,A230443,68,24,62,20.5
2024-01-03 11:54:59,A231934,100,38,68,21.6
2024-01-03 11:55:04,A364435,96,37,54,20.5
2024-01-03 11:54:39,A358570,102,39,53,22.2
2024-01-03 11:53:15,A06487,106,40,59,23.3
2024-01-03 12:55:46,A230398,13,3,48,22.7
2024-01-03 12:54:52,A230383,110,44,50,22.7
2024-01-03 12:56:06,A230626,97,41,63,20.5
2024-01-03 12:18:48,A230443,69,23,60,20.5
2024-01-03 12:55:00,A231934,92,33,60,23.3
2024-01-03 12:55:04,A364435,88,31,49,21.1
2024-01-03 12:56:40,A358570,89,29,50,22.2
2024-01-03 12:55:16,A06487,89,29,55,23.8
2024-01-03 13:55:47,A230398,64,19,46,23.8
2024-01-03 13:54:53,A230383,111,45,43,25.5
2024-01-03 13:56:07,A230626,82,28,50,22.7
2024-01-03 13:49:29,A230443,57,17,52,22.2
2024-01-03 13:55:01,A231934,93,33,51,25.5
2024-01-03 13:55:05,A364435,90,32,46,22.7
2024-01-03 13:56:41,A358570,89,30,46,23.8
2024-01-03 13:55:17,A06487,86,28,52,24.4
2024-01-03 14:55:56,A230398,13,3,44,24.4
2024-01-03 14:56:55,A230383,111,45,42,25
2024-01-03 14:56:08,A230626,84,32,48,23.3
2024-01-03 14:54:51,A230443,58,16,48,23.3
2024-01-03 14:57:02,A231934,90,30,51,25
2024-01-03 14:57:06,A364435,90,33,45,22.7
2024-01-03 14:56:42,A358570,91,31,44,23.8
2024-01-03 14:57:19,A06487,89,29,50,25
2024-01-03 15:55:57,A230398,6,1,44,24.4
2024-01-03 15:56:56,A230383,114,46,42,24.4
2024-01-03 15:56:09,A230626,89,34,47,23.3
2024-01-03 15:51:02,A230443,61,20,48,23.3
2024-01-03 15:57:03,A231934,95,36,53,24.4
2024-01-03 15:57:17,A364435,99,39,45,23.3
2024-01-03 15:56:43,A358570,96,35,45,23.8
2024-01-03 15:57:19,A06487,98,36,50,25
2024-01-03 16:55:59,A230398,10,2,44,25
2024-01-03 16:54:57,A230383,124,51,44,23.8
2024-01-03 16:54:10,A230626,97,40,48,22.7
2024-01-03 16:48:31,A230443,67,22,47,23.3
2024-01-03 16:55:04,A231934,101,40,55,23.8
2024-01-03 16:55:17,A364435,102,40,44,23.8
2024-01-03 16:54:44,A358570,130,52,45,23.8
2024-01-03 16:57:21,A06487,110,43,51,24.4
2024-01-03 17:58:00,A230398,16,4,48,24.4
2024-01-03 17:56:58,A230383,130,53,46,23.3
2024-01-03 17:58:11,A230626,105,45,49,23.3
2024-01-03 17:55:49,A230443,79,30,48,23.8
2024-01-03 17:57:05,A231934,123,51,57,23.8
2024-01-03 17:55:19,A364435,109,44,45,23.3
2024-01-03 17:56:45,A358570,118,47,47,23.8
2024-01-03 17:57:22,A06487,110,43,52,24.4
2024-01-03 18:58:01,A230398,17,4,54,23.8
2024-01-03 18:56:59,A230383,131,53,46,23.3
2024-01-03 18:58:14,A230626,139,56,55,23.3
2024-01-03 18:57:04,A230443,95,38,53,23.3
2024-01-03 18:57:06,A231934,153,59,68,23.8
2024-01-03 18:55:20,A364435,156,59,49,23.3
2024-01-03 18:56:46,A358570,146,55,50,23.3
2024-01-03 18:57:23,A06487,151,57,57,25
2024-01-03 19:56:02,A230398,95,37,55,23.3
2024-01-03 19:55:00,A230383,158,62,52,22.7
2024-01-03 19:56:16,A230626,141,57,55,22.7
2024-01-03 19:56:38,A230443,100,41,53,23.3
2024-01-03 19:55:07,A231934,171,74,69,23.3
2024-01-03 19:55:21,A364435,164,66,50,23.3
2024-01-03 19:56:47,A358570,165,67,51,23.3
2024-01-03 19:55:24,A06487,167,68,58,24.4
2024-01-03 20:56:03,A230398,16,4,55,23.3
2024-01-03 20:57:01,A230383,158,62,55,22.7
2024-01-03 20:56:16,A230626,146,58,54,22.7
2024-01-03 20:56:53,A230443,104,42,53,23.3
2024-01-03 20:57:08,A231934,180,84,67,23.3
2024-01-03 20:53:32,A364435,167,69,50,23.3
2024-01-03 20:56:48,A358570,167,68,52,23.3
2024-01-03 20:55:25,A06487,199,103,60,24.4
2024-01-03 21:56:05,A230398,19,4,55,23.3
2024-01-03 21:57:03,A230383,170,73,53,23.3
2024-01-03 21:56:20,A230626,150,59,53,22.7
2024-01-03 21:56:40,A230443,129,50,51,23.3
2024-01-03 21:55:09,A231934,167,70,67,23.3
2024-01-03 21:53:33,A364435,160,63,51,22.7
2024-01-03 21:56:49,A358570,157,60,50,23.3
2024-01-03 21:57:26,A06487,157,60,58,24.4
2024-01-03 22:54:06,A230398,92,37,54,23.3
2024-01-03 22:55:04,A230383,166,70,51,22.7
2024-01-03 22:54:22,A230626,156,62,53,22.7
2024-01-03 22:54:45,A230443,106,44,51,23.3
2024-01-03 22:55:10,A231934,155,60,69,23.3
2024-01-03 22:53:43,A364435,167,70,52,22.7
2024-01-03 22:54:51,A358570,164,67,51,22.7
2024-01-03 22:57:27,A06487,169,71,60,24.4
2024-01-03 23:56:07,A230398,92,37,55,22.7
2024-01-03 23:57:04,A230383,160,64,52,22.7
2024-01-03 23:56:23,A230626,144,58,52,22.7
2024-01-03 23:56:42,A230443,113,46,54,22.7
2024-01-03 23:57:11,A231934,154,59,68,22.7
2024-01-03 23:57:44,A364435,154,58,51,20.5
2024-01-03 23:56:51,A358570,152,58,51,23.3
2024-01-03 23:57:28,A06487,151,57,59,23.8
2024-01-04 00:56:08,A230398,89,35,54,22.7
2024-01-04 00:57:05,A230383,152,59,51,22.2
2024-01-04 00:56:24,A230626,147,59,53,22.2
2024-01-04 00:56:43,A230443,89,35,52,22.7
2024-01-04 00:57:12,A231934,153,59,68,21.6
2024-01-04 00:57:45,A364435,152,57,51,22.2
2024-01-04 00:56:52,A358570,147,56,51,22.7
2024-01-04 00:57:29,A06487,150,56,59,23.8
2024-01-04 01:56:09,A230398,89,35,52,23.3
2024-01-04 01:55:06,A230383,158,63,50,22.7
2024-01-04 01:56:25,A230626,134,56,52,22.2
2024-01-04 01:54:44,A230443,94,38,52,22.7
2024-01-04 01:55:13,A231934,142,56,66,22.7
2024-01-04 01:55:46,A364435,150,55,51,22.7
2024-01-04 01:54:53,A358570,154,59,52,22.7
2024-01-04 01:55:30,A06487,151,57,59,23.8
2024-01-04 02:56:11,A230398,18,4,47,23.8
2024-01-04 02:57:07,A230383,151,58,49,22.7
2024-01-04 02:56:26,A230626,133,55,51,22.2
2024-01-04 02:56:45,A230443,85,33,50,22.2
2024-01-04 02:57:14,A231934,140,55,66,22.7
2024-01-04 02:53:47,A364435,141,54,51,22.2
2024-01-04 02:54:55,A358570,136,53,52,22.7
2024-01-04 02:57:31,A06487,151,57,59,23.8
2024-01-04 03:56:12,A230398,21,5,47,23.8
2024-01-04 03:57:08,A230383,151,58,50,22.2
2024-01-04 03:56:27,A230626,151,61,52,22.2
2024-01-04 03:56:46,A230443,90,35,53,22.7
2024-01-04 03:57:15,A231934,142,55,66,22.2
2024-01-04 03:57:47,A364435,150,55,52,22.2
2024-01-04 03:56:59,A358570,154,59,52,22.7
2024-01-04 03:57:32,A06487,151,57,60,23.8
2024-01-04 04:56:13,A230398,0,0,48,23.3
2024-01-04 04:57:09,A230383,141,55,50,22.2
2024-01-04 04:56:27,A230626,146,59,53,21.6
2024-01-04 04:56:47,A230443,87,34,53,22.2
2024-01-04 04:57:16,A231934,140,55,68,22.2
2024-01-04 04:55:48,A364435,148,55,51,22.2
2024-01-04 04:54:58,A358570,153,59,52,22.2
2024-01-04 04:57:33,A06487,136,53,59,23.3
2024-01-04 05:56:15,A230398,3,1,46,23.3
2024-01-04 05:57:10,A230383,155,60,50,22.2
2024-01-04 05:56:28,A230626,137,57,52,21.6
2024-01-04 05:56:50,A230443,91,36,52,22.2
2024-01-04 05:57:17,A231934,128,52,64,21.6
2024-01-04 05:47:49,A364435,146,55,51,21.6
2024-01-04 05:54:59,A358570,135,53,51,22.2
2024-01-04 05:57:34,A06487,146,56,58,23.3
2024-01-04 06:56:16,A230398,87,34,47,23.3
2024-01-04 06:57:12,A230383,153,59,49,22.2
2024-01-04 06:56:29,A230626,138,56,52,22.2
2024-01-04 06:54:49,A230443,96,39,51,22.2
2024-01-04 06:57:18,A231934,146,56,64,22.2
2024-01-04 06:53:51,A364435,144,54,51,21.6
2024-01-04 06:55:00,A358570,146,56,51,22.2
2024-01-04 06:55:35,A06487,147,55,58,23.3
2024-01-04 07:56:17,A230398,15,3,47,23.3
2024-01-04 07:55:13,A230383,151,58,47,22.7
2024-01-04 07:54:30,A230626,118,51,50,22.2
2024-01-04 07:48:59,A230443,82,31,49,22.2
2024-01-04 07:55:19,A231934,149,57,62,22.2
2024-01-04 07:55:51,A364435,153,57,49,22.2
2024-01-04 07:55:01,A358570,150,56,49,22.2
2024-01-04 07:55:36,A06487,153,58,56,23.3
2024-01-04 08:56:18,A230398,4,1,46,24.4
2024-01-04 08:55:14,A230383,151,58,44,25
2024-01-04 08:56:31,A230626,123,52,49,23.3
2024-01-04 08:55:48,A230443,101,40,49,22.7
2024-01-04 08:55:20,A231934,154,59,56,23.8
2024-01-04 08:55:52,A364435,156,60,48,22.7
2024-01-04 08:55:02,A358570,152,57,48,22.7
2024-01-04 08:55:37,A06487,137,53,55,23.8
2024-01-04 09:56:20,A230398,20,4,48,24.4
2024-01-04 09:57:15,A230383,153,59,44,25.5
2024-01-04 09:58:32,A230626,130,54,49,23.8
2024-01-04 09:52:22,A230443,93,37,50,23.8
2024-01-04 09:57:21,A231934,156,60,53,25.5
2024-01-04 09:57:53,A364435,156,60,47,23.8
2024-01-04 09:57:03,A358570,155,59,48,23.3
2024-01-04 09:57:38,A06487,155,59,54,25
2024-01-04 10:56:21,A230398,12,3,48,24.4
2024-01-04 10:55:16,A230383,164,68,44,26.1
2024-01-04 10:56:34,A230626,147,58,49,24.4
2024-01-04 10:30:26,A230443,94,38,50,23.8
2024-01-04 10:55:22,A231934,150,57,57,24.4
2024-01-04 10:56:03,A364435,148,55,46,24.4
2024-01-04 10:55:04,A358570,140,54,48,23.8
2024-01-04 10:55:39,A06487,152,57,56,25
2024-01-04 11:56:23,A230398,8,2,47,24.4
2024-01-04 11:55:17,A230383,168,72,44,26.1
2024-01-04 11:56:34,A230626,158,64,49,25
2024-01-04 11:52:34,A230443,115,46,49,23.8
2024-01-04 11:55:23,A231934,155,60,60,24.4
2024-01-04 11:56:04,A364435,156,60,48,24.4
2024-01-04 11:55:05,A358570,156,60,50,23.8
2024-01-04 11:55:40,A06487,156,60,55,25
2024-01-04 12:56:24,A230398,15,3,47,24.4
2024-01-04 12:55:18,A230383,168,71,43,25.5
2024-01-04 12:56:36,A230626,145,58,47,25
2024-01-04 12:55:24,A230443,120,47,50,24.4
2024-01-04 12:55:24,A231934,163,66,60,24.4
2024-01-04 12:56:05,A364435,162,64,47,25
2024-01-04 12:57:06,A358570,157,61,49,23.8
2024-01-04 12:55:41,A06487,158,61,55,25
2024-01-04 13:56:25,A230398,9,2,43,24.4
2024-01-04 13:57:19,A230383,132,53,39,26.1
2024-01-04 13:56:37,A230626,115,49,44,25
2024-01-04 13:53:47,A230443,79,31,45,23.8
2024-01-04 13:57:25,A231934,151,58,57,25
2024-01-04 13:56:16,A364435,151,56,46,25.5
2024-01-04 13:57:07,A358570,147,56,47,24.4
2024-01-04 13:57:42,A06487,152,58,53,25.5
2024-01-04 14:56:27,A230398,25,5,47,24.4
2024-01-04 14:57:20,A230383,153,59,43,25.5
2024-01-04 14:56:38,A230626,133,55,47,24.4
2024-01-04 14:41:20,A230443,86,34,46,18.79
2024-01-04 14:57:26,A231934,137,54,55,24.4
2024-01-04 14:54:16,A364435,142,55,45,25
2024-01-04 14:57:08,A358570,139,54,46,24.4
2024-01-04 14:57:43,A06487,133,53,52,25.5
2024-01-04 15:56:28,A230398,36,8,50,23.8
2024-01-04 15:55:21,A230383,163,67,48,24.4
2024-01-04 15:56:39,A230626,154,62,51,23.8
2024-01-04 15:55:42,A230443,100,42,51,23.8
2024-01-04 15:55:27,A231934,156,61,60,23.8
2024-01-04 15:48:18,A364435,153,58,49,24.4
2024-01-04 15:57:09,A358570,150,57,49,24.4
2024-01-04 15:55:44,A06487,153,59,55,25.5
2024-01-04 16:56:29,A230398,131,50,52,23.3
2024-01-04 16:57:22,A230383,170,75,50,23.8
2024-01-04 16:56:40,A230626,156,63,53,23.3
2024-01-04 16:50:23,A230443,121,47,51,12.2
2024-01-04 16:55:28,A231934,164,67,67,23.3
2024-01-04 16:56:18,A364435,167,70,51,23.8
2024-01-04 16:57:10,A358570,160,62,51,23.8
2024-01-04 16:55:45,A06487,163,65,59,25
2024-01-04 17:54:30,A230398,22,5,53,23.8
2024-01-04 17:55:23,A230383,173,77,52,23.3
2024-01-04 17:54:41,A230626,163,70,55,23.3
2024-01-04 17:24:36,A230443,120,47,51,24.4
2024-01-04 17:55:29,A231934,157,62,69,23.3
2024-01-04 17:54:20,A364435,162,65,53,23.8
2024-01-04 17:55:11,A358570,160,62,51,23.8
2024-01-04 17:55:46,A06487,161,63,60,24.4
2024-01-04 18:56:31,A230398,147,53,53,23.8
2024-01-04 18:57:24,A230383,182,86,53,20
2024-01-04 18:56:42,A230626,164,72,56,23.3
2024-01-04 18:57:17,A230443,124,49,53,19.4
2024-01-04 18:57:30,A231934,161,65,68,23.8
2024-01-04 18:54:39,A364435,170,74,52,23.8
2024-01-04 18:57:12,A358570,162,65,51,23.8
2024-01-04 18:57:47,A06487,170,72,60,24.4
2024-01-04 19:54:33,A230398,132,50,54,23.8
2024-01-04 19:55:25,A230383,175,80,55,23.3
2024-01-04 19:54:43,A230626,159,67,57,23.3
2024-01-04 19:54:53,A230443,108,45,54,12.2
2024-01-04 19:55:33,A231934,159,64,70,23.3
2024-01-04 19:54:22,A364435,165,68,53,23.8
2024-01-04 19:55:16,A358570,160,63,52,23.8
2024-01-04 19:55:48,A06487,163,66,62,24.4
2024-01-04 20:58:34,A230398,141,53,56,23.8
2024-01-04 20:57:27,A230383,170,75,56,23.3
2024-01-04 20:58:49,A230626,160,68,59,23.3
2024-01-04 20:58:49,A230443,121,48,55,21.6
2024-01-04 20:57:32,A231934,161,66,74,23.3
2024-01-04 20:56:24,A364435,164,68,55,23.8
2024-01-04 20:55:17,A358570,160,63,54,23.8
2024-01-04 20:57:49,A06487,161,64,63,24.4
2024-01-04 21:56:35,A230398,32,7,58,23.3
2024-01-04 21:55:27,A230383,172,77,58,22.7
2024-01-04 21:54:49,A230626,157,64,60,23.3
2024-01-04 21:54:51,A230443,106,44,56,23.8
2024-01-04 21:55:33,A231934,154,60,78,23.3
2024-01-04 21:34:24,A364435,164,68,56,23.3
2024-01-04 21:55:18,A358570,153,59,55,23.8
2024-01-04 21:55:50,A06487,158,62,65,24.4
2024-01-04 22:54:36,A230398,29,6,59,23.3
2024-01-04 22:55:28,A230383,164,68,61,22.7
2024-01-04 22:54:50,A230626,155,62,62,22.7
2024-01-04 22:54:54,A230443,105,43,58,23.8
2024-01-04 22:55:34,A231934,152,59,79,23.3
2024-01-04 22:54:37,A364435,159,62,58,22.2
2024-01-04 22:55:19,A358570,152,58,56,23.8
2024-01-04 22:53:52,A06487,156,60,67,24.4
2024-01-04 23:56:38,A230398,10,2,59,23.3
2024-01-04 23:57:29,A230383,167,70,61,22.7
2024-01-04 23:56:51,A230626,153,61,63,22.7
2024-01-04 23:56:54,A230443,103,42,58,23.8
2024-01-04 23:57:35,A231934,153,59,82,23.3
2024-01-04 23:54:47,A364435,155,59,58,23.3
2024-01-04 23:55:23,A358570,151,57,57,23.8
2024-01-04 23:57:53,A06487,153,58,69,24.4
2024-01-05 00:54:39,A230398,29,6,60,23.3
2024-01-05 00:55:30,A230383,173,77,61,22.7
2024-01-05 00:54:52,A230626,159,67,63,22.7
2024-01-05 00:52:55,A230443,114,46,59,23.8
2024-01-05 00:55:36,A231934,154,60,82,23.3
2024-01-05 00:48:49,A364435,159,62,58,23.3
2024-01-05 00:55:24,A358570,154,59,58,23.8
2024-01-05 00:55:53,A06487,156,60,69,24.4
2024-01-05 01:54:40,A230398,101,39,61,23.3
2024-01-05 01:55:31,A230383,164,68,63,22.2
2024-01-05 01:54:53,A230626,154,62,65,22.7
2024-01-05 01:54:57,A230443,100,42,60,23.3
2024-01-05 01:55:37,A231934,157,62,83,23.3
2024-01-05 01:54:50,A364435,160,63,59,23.3
2024-01-05 01:55:25,A358570,155,59,58,23.8
2024-01-05 01:55:54,A06487,157,61,69,24.4
2024-01-05 02:56:41,A230398,15,3,62,23.3
2024-01-05 02:55:32,A230383,162,66,63,22.7
2024-01-05 02:54:54,A230626,153,61,66,22.7
2024-01-05 02:54:57,A230443,106,43,61,23.3
2024-01-05 02:55:38,A231934,154,59,86,22.2
2024-01-05 02:47:00,A364435,158,62,60,23.3
2024-01-05 02:55:26,A358570,154,59,59,23.8
2024-01-05 02:55:55,A06487,157,61,71,23.8
2024-01-05 03:56:42,A230398,33,7,64,22.7
2024-01-05 03:55:33,A230383,164,68,64,22.7
2024-01-05 03:56:55,A230626,158,64,69,22.7
2024-01-05 03:56:59,A230443,105,42,63,23.3
2024-01-05 03:55:39,A231934,155,60,89,23.3
2024-01-05 03:57:11,A364435,166,69,62,23.3
2024-01-05 03:55:27,A358570,159,62,61,23.3
2024-01-05 03:55:56,A06487,168,70,74,23.8
2024-01-05 04:54:44,A230398,27,6,64,23.3
2024-01-05 04:55:34,A230383,182,86,65,22.7
2024-01-05 04:54:56,A230626,159,65,69,22.7
2024-01-05 04:55:00,A230443,130,51,64,23.3
2024-01-05 04:55:41,A231934,172,76,92,22.7
2024-01-05 04:35:24,A364435,175,79,63,23.3
2024-01-05 04:55:28,A358570,164,67,62,22.7
2024-01-05 04:55:57,A06487,168,71,74,23.8
2024-01-05 05:56:45,A230398,6,1,64,23.8
2024-01-05 05:55:35,A230383,166,70,65,22.7
2024-01-05 05:54:57,A230626,154,61,69,22.7
2024-01-05 05:55:01,A230443,121,48,66,22.7
2024-01-05 05:55:42,A231934,157,63,93,22.7
2024-01-05 05:49:37,A364435,174,78,63,23.3
2024-01-05 05:55:29,A358570,167,70,62,23.3
2024-01-05 05:55:58,A06487,170,72,75,23.8
2024-01-05 06:56:46,A230398,14,4,64,23.8
2024-01-05 06:55:39,A230383,171,75,65,20.5
2024-01-05 06:54:58,A230626,161,67,69,22.7
2024-01-05 06:55:02,A230443,152,58,66,23.3
2024-01-05 06:55:43,A231934,168,72,91,23.3
2024-01-05 06:55:53,A364435,179,83,63,22.7
2024-01-05 06:55:30,A358570,170,72,63,23.3
2024-01-05 06:55:59,A06487,172,73,75,23.8
2024-01-05 07:56:47,A230398,128,49,64,23.8
2024-01-05 07:55:40,A230383,171,76,62,23.8
2024-01-05 07:57:00,A230626,164,71,68,23.3
2024-01-05 07:49:04,A230443,153,59,64,23.8
2024-01-05 07:55:44,A231934,178,83,92,23.3
2024-01-05 07:56:03,A364435,191,96,62,23.3
2024-01-05 07:55:31,A358570,181,86,63,23.3
2024-01-05 07:56:00,A06487,186,91,76,23.8
2024-01-05 08:56:48,A230398,5,1,61,24.4
2024-01-05 08:57:41,A230383,170,74,59,25
2024-01-05 08:57:01,A230626,159,65,64,23.8
2024-01-05 08:51:15,A230443,152,57,61,24.4
2024-01-05 08:57:45,A231934,178,84,85,23.8
2024-01-05 08:56:04,A364435,177,81,58,24.4
2024-01-05 08:57:32,A358570,169,71,60,23.8
2024-01-05 08:56:01,A06487,172,75,71,24.4
2024-01-05 09:56:50,A230398,5,1,60,25
2024-01-05 09:57:42,A230383,170,74,56,25.5
2024-01-05 09:57:02,A230626,161,68,60,25.5
2024-01-05 09:41:18,A230443,153,58,59,25
2024-01-05 09:57:47,A231934,186,93,82,25
2024-01-05 09:56:05,A364435,177,82,57,25
2024-01-05 09:55:33,A358570,179,82,59,24.4
2024-01-05 09:56:02,A06487,173,76,70,25.5
2024-01-05 10:54:51,A230398,4,1,59,25.5
2024-01-05 10:53:43,A230383,169,74,53,26.6
2024-01-05 10:55:03,A230626,163,70,59,25.5
2024-01-05 10:55:12,A230443,150,55,57,11.1
2024-01-05 10:53:48,A231934,182,88,80,25.5
2024-01-05 10:54:06,A364435,183,87,56,25
2024-01-05 10:53:34,A358570,181,84,59,24.4
2024-01-05 10:56:03,A06487,179,82,68,25.5
2024-01-05 11:54:52,A230398,162,68,58,26.1
2024-01-05 11:55:44,A230383,194,100,51,27.7
2024-01-05 11:57:05,A230626,156,64,53,27.7
2024-01-05 11:13:53,A230443,151,55,58,25.5
2024-01-05 11:55:49,A231934,197,105,79,24.4
2024-01-05 11:56:08,A364435,221,117,58,25.5
2024-01-05 11:55:35,A358570,195,100,62,24.4
2024-01-05 11:56:04,A06487,199,104,69,26.1
2024-01-05 12:54:56,A230398,167,75,55,27.2
2024-01-05 12:55:45,A230383,205,108,44,31.1
2024-01-05 12:55:05,A230626,183,94,56,26.6
2024-01-05 12:07:09,A230443,154,61,60,25
2024-01-05 12:55:50,A231934,193,101,58,31.6
2024-01-05 12:56:09,A364435,219,116,55,26.1
2024-01-05 12:55:36,A358570,197,102,60,25
2024-01-05 12:56:05,A06487,196,101,66,27.2
2024-01-05 13:54:57,A230398,155,60,53,27.7
2024-01-05 13:55:46,A230383,197,103,48,28.8
2024-01-05 13:55:06,A230626,171,79,53,27.2
2024-01-05 12:07:09,A230443,154,61,60,25
2024-01-05 13:55:51,A231934,185,93,64,28.3
2024-01-05 13:56:19,A364435,184,88,52,27.2
2024-01-05 13:55:37,A358570,190,94,57,23.8
2024-01-05 13:56:06,A06487,187,91,63,27.7
2024-01-05 14:56:55,A230398,25,5,52,28.3
2024-01-05 14:55:47,A230383,190,94,38,33.3
2024-01-05 14:55:08,A230626,141,57,50,28.3
2024-01-05 12:07:09,A230443,154,61,60,25
2024-01-05 14:55:53,A231934,182,88,63,28.8
2024-01-05 14:56:30,A364435,178,81,51,27.7
2024-01-05 14:55:38,A358570,173,76,57,26.1
2024-01-05 14:54:07,A06487,177,79,63,27.7
2024-01-05 15:54:57,A230398,17,4,51,28.3
2024-01-05 15:55:48,A230383,165,69,41,31.6
2024-01-05 15:55:09,A230626,141,57,53,27.7
2024-01-05 12:07:09,A230443,154,61,60,25
2024-01-05 15:55:54,A231934,164,68,64,28.3
2024-01-05 15:54:32,A364435,184,87,51,23.8
2024-01-05 15:55:39,A358570,173,76,56,26.1
2024-01-05 15:56:08,A06487,182,85,62,27.7
2024-01-05 16:54:58,A230398,10,2,52,27.7
2024-01-05 16:55:49,A230383,165,68,48,28.8
2024-01-05 16:55:10,A230626,150,60,54,27.2
2024-01-05 12:07:09,A230443,154,61,60,25
2024-01-05 16:55:54,A231934,154,60,67,27.7
2024-01-05 16:52:44,A364435,167,70,52,27.2
2024-01-05 16:53:40,A358570,182,84,58,25.5
2024-01-05 16:56:09,A06487,196,99,63,27.7
2024-01-05 17:54:59,A230398,26,6,54,27.2
2024-01-05 17:53:50,A230383,191,95,52,27.2
2024-01-05 17:55:11,A230626,166,73,57,26.1
2024-01-05 12:07:09,A230443,154,61,60,25
2024-01-05 17:55:55,A231934,212,115,74,26.6
2024-01-05 17:54:44,A364435,251,132,57,25.5
2024-01-05 17:55:41,A358570,208,108,59,25.5
2024-01-05 17:56:10,A06487,249,131,67,26.6
2024-01-05 18:55:00,A230398,182,90,58,26.6
2024-01-05 18:53:51,A230383,177,81,57,26.1
2024-01-05 18:53:13,A230626,161,67,62,25.5
2024-01-05 12:07:09,A230443,154,61,60,25
2024-01-05 18:55:56,A231934,240,131,84,25
2024-01-05 18:54:45,A364435,259,139,62,23.8
2024-01-05 18:55:42,A358570,230,122,60,25
2024-01-05 18:54:14,A06487,248,132,70,26.1
2024-01-05 19:55:02,A230398,151,56,61,26.1
2024-01-05 19:55:52,A230383,168,72,62,25.5
2024-01-05 19:55:14,A230626,155,61,67,25
2024-01-05 12:07:09,A230443,154,61,60,25
2024-01-05 19:55:58,A231934,236,130,84,25
2024-01-05 19:54:48,A364435,222,118,61,25
2024-01-05 19:55:44,A358570,227,119,61,25
2024-01-05 19:56:15,A06487,223,117,72,26.1
2024-01-05 20:55:03,A230398,20,5,62,25.5
2024-01-05 20:55:53,A230383,155,61,64,25
2024-01-05 20:55:15,A230626,145,58,69,25
2024-01-05 12:07:09,A230443,154,61,60,25
2024-01-05 20:55:59,A231934,210,114,85,24.4
2024-01-05 20:55:04,A364435,148,55,62,25
2024-01-05 20:55:44,A358570,137,53,62,25
2024-01-05 20:56:17,A06487,188,92,73,26.1
2024-01-05 21:55:10,A230398,15,3,66,25
2024-01-05 21:55:54,A230383,158,63,65,25
2024-01-05 21:55:16,A230626,139,57,71,24.4
2024-01-05 12:07:09,A230443,154,61,60,25
2024-01-05 21:56:00,A231934,151,58,93,24.4
2024-01-05 21:55:03,A364435,148,56,64,24.4
2024-01-05 21:55:45,A358570,140,55,63,25
2024-01-05 21:54:18,A06487,148,56,76,26.1
2024-01-05 22:57:05,A230398,29,6,66,25
2024-01-05 22:55:55,A230383,161,65,66,24.4
2024-01-05 22:55:26,A230626,143,58,72,24.4
2024-01-05 12:07:09,A230443,154,61,60,25
2024-01-05 22:56:01,A231934,151,58,94,25
2024-01-05 22:57:04,A364435,152,57,64,25
2024-01-05 22:55:47,A358570,146,56,63,25
2024-01-05 22:56:19,A06487,152,58,76,25.5
2024-01-05 23:57:06,A230398,9,2,67,25
2024-01-05 23:55:56,A230383,158,62,67,24.4
2024-01-05 23:55:18,A230626,144,58,72,24.4
2024-01-05 12:07:09,A230443,154,61,60,25
2024-01-05 23:56:02,A231934,147,57,94,24.4
2024-01-05 23:37:05,A364435,155,59,64,24.4
2024-01-05 23:55:48,A358570,150,57,63,25
2024-01-05 23:56:20,A06487,152,59,75,24.4
2024-01-06 00:55:07,A230398,17,4,67,24.4
2024-01-06 00:55:57,A230383,155,60,66,24.4
2024-01-06 00:55:19,A230626,145,58,72,24.4
2024-01-05 12:07:09,A230443,154,61,60,25
2024-01-06 00:56:03,A231934,152,59,93,25
2024-01-06 00:55:18,A364435,152,57,63,24.4
2024-01-06 00:55:49,A358570,143,55,63,25
2024-01-06 00:56:22,A06487,152,58,75,25.5
2024-01-06 01:57:09,A230398,19,4,66,25
2024-01-06 01:55:58,A230383,158,62,66,24.4
2024-01-06 01:55:20,A230626,137,57,72,24.4
2024-01-05 12:07:09,A230443,154,61,60,25
2024-01-06 01:56:04,A231934,190,97,89,24.4
2024-01-06 01:51:19,A364435,156,60,64,24.4
2024-01-06 01:53:50,A358570,153,59,63,25
2024-01-06 01:56:22,A06487,159,63,75,25.5
2024-01-06 02:57:10,A230398,44,10,63,24.4
2024-01-06 02:57:59,A230383,155,61,66,24.4
2024-01-06 02:57:21,A230626,130,55,71,24.4
2024-01-05 12:07:09,A230443,154,61,60,25
2024-01-06 02:58:05,A231934,194,103,92,23.8
2024-01-06 02:57:29,A364435,174,77,63,24.4
2024-01-06 02:57:51,A358570,167,70,63,24.4
2024-01-06 02:56:23,A06487,176,79,74,25.5
2024-01-06 03:55:11,A230398,160,66,64,24.4
2024-01-06 03:56:00,A230383,198,104,65,23.8
2024-01-06 03:55:22,A230626,132,56,71,24.4
2024-01-05 12:07:09,A230443,154,61,60,25
2024-01-06 03:56:06,A231934,206,111,93,23.8
2024-01-06 03:55:44,A364435,168,71,64,24.4
2024-01-06 03:55:52,A358570,164,67,64,24.4
2024-01-06 03:56:24,A06487,165,68,76,25.5
2024-01-06 04:55:12,A230398,159,64,64,24.4
2024-01-06 04:54:01,A230383,207,111,66,23.3
2024-01-06 04:55:23,A230626,139,57,71,24.4
2024-01-05 12:07:09,A230443,154,61,60,25
2024-01-06 04:54:07,A231934,196,105,92,24.4
2024-01-06 04:55:52,A364435,171,75,66,24.4
2024-01-06 04:55:53,A358570,167,70,65,24.4
2024-01-06 04:54:25,A06487,181,84,78,25.5
2024-01-06 05:55:13,A230398,156,61,64,24.4
2024-01-06 05:56:02,A230383,207,110,67,23.3
2024-01-06 05:55:24,A230626,196,108,73,23.8
2024-01-05 12:07:09,A230443,154,61,60,25
2024-01-06 05:56:09,A231934,195,102,93,23.8
2024-01-06 05:56:02,A364435,201,106,64,24.4
2024-01-06 05:55:54,A358570,189,92,65,24.4
2024-01-06 05:56:26,A06487,194,98,78,25
2024-01-06 06:55:14,A230398,164,69,65,23.8
2024-01-06 06:56:03,A230383,202,107,66,23.3
2024-01-06 06:55:25,A230626,182,93,74,23.8
2024-01-05 12:07:09,A230443,154,61,60,25
2024-01-06 06:56:10,A231934,190,96,93,23.8
2024-01-06 06:56:03,A364435,199,104,66,23.8
2024-01-06 06:55:55,A358570,194,98,68,23.8
2024-01-06 06:58:27,A06487,212,110,81,24.4
2024-01-06 07:57:15,A230398,171,76,63,24.4
2024-01-06 07:58:04,A230383,209,113,63,24.4
2024-01-06 07:57:26,A230626,175,84,72,24.4
2024-01-05 12:07:09,A230443,154,61,60,25
2024-01-06 07:58:11,A231934,224,118,89,24.4
2024-01-06 07:58:04,A364435,204,106,64,23.8
2024-01-06 07:57:56,A358570,206,107,69,23.3
2024-01-06 07:56:28,A06487,206,106,81,25
2024-01-06 08:55:17,A230398,162,68,62,25.5
2024-01-06 08:56:04,A230383,175,81,62,25.5
2024-01-06 08:55:27,A230626,136,57,69,25
2024-01-05 12:07:09,A230443,154,61,60,25
2024-01-06 08:54:12,A231934,200,107,86,25.5
2024-01-06 08:56:06,A364435,228,119,64,24.4
2024-01-06 08:55:57,A358570,209,108,67,23.8
2024-01-06 08:56:29,A06487,202,104,78,25.5
2024-01-06 09:55:19,A230398,120,46,62,26.1
2024-01-06 09:56:05,A230383,143,57,55,26.6
2024-01-06 09:55:28,A230626,127,54,63,26.1
2024-01-05 12:07:09,A230443,154,61,60,25
2024-01-06 09:56:12,A231934,198,104,68,29.4
2024-01-06 09:56:07,A364435,182,86,61,25.5
2024-01-06 09:55:58,A358570,191,95,66,24.4
2024-01-06 09:58:30,A06487,192,95,75,26.1
2024-01-06 10:55:19,A230398,154,59,56,27.7
2024-01-06 10:56:06,A230383,144,56,48,29.4
2024-01-06 10:55:30,A230626,136,56,59,26.6
2024-01-05 12:07:09,A230443,154,61,60,25
2024-01-06 10:56:14,A231934,201,106,68,28.8
2024-01-06 10:56:20,A364435,137,54,56,26.6
2024-01-06 10:55:59,A358570,158,62,63,25
2024-01-06 10:56:32,A06487,153,59,71,27.2
2024-01-06 11:55:20,A230398,104,39,52,28.3
2024-01-06 11:56:07,A230383,153,59,42,31.6
2024-01-06 11:55:31,A230626,142,57,54,27.7
2024-01-05 12:07:09,A230443,154,61,60,25
2024-01-06 11:56:15,A231934,189,95,64,28.8
2024-01-06 11:56:08,A364435,162,65,51,27.7
2024-01-06 11:56:00,A358570,170,73,58,26.1
2024-01-06 11:56:33,A06487,192,95,67,27.7
2024-01-06 12:55:21,A230398,3,1,49,28.8
2024-01-06 12:56:08,A230383,134,53,37,33.3
2024-01-06 12:55:32,A230626,124,52,49,28.8
2024-01-05 12:07:09,A230443,154,61,60,25
2024-01-06 12:56:15,A231934,172,77,57,31.1
2024-01-06 12:56:10,A364435,176,80,51,28.3
2024-01-06 12:56:01,A358570,173,76,56,26.6
2024-01-06 12:54:34,A06487,173,75,63,28.3
2024-01-06 13:57:23,A230398,4,1,45,30.5
2024-01-06 13:58:10,A230383,129,52,32,36.59
2024-01-06 13:57:33,A230626,115,49,48,29.4
2024-01-05 12:07:09,A230443,154,61,60,25
2024-01-06 13:58:16,A231934,173,77,59,30.5
2024-01-06 13:56:10,A364435,168,71,47,28.8
2024-01-06 13:58:02,A358570,167,69,54,27.2
2024-01-06 13:58:35,A06487,172,75,61,28.8
2024-01-06 14:55:24,A230398,8,2,46,29.4
2024-01-06 14:56:10,A230383,125,51,31,36.59
2024-01-06 14:55:34,A230626,127,54,50,28.8
2024-01-05 12:07:09,A230443,154,61,60,25
2024-01-06 14:56:17,A231934,163,66,58,30
2024-01-06 14:56:11,A364435,167,70,49,28.3
2024-01-06 14:56:03,A358570,158,62,55,26.6
2024-01-06 14:56:36,A06487,156,60,60,28.8
2024-01-06 15:55:25,A230398,3,1,47,28.3
2024-01-06 15:56:14,A230383,122,50,41,31.1
2024-01-06 15:55:35,A230626,121,51,50,28.8
2024-01-05 12:07:09,A230443,154,61,60,25
2024-01-06 15:56:18,A231934,155,60,58,30
2024-01-06 15:56:13,A364435,144,55,48,28.8
2024-01-06 15:56:04,A358570,152,58,55,26.6
2024-01-06 15:56:37,A06487,136,53,58,28.8
2024-01-06 16:55:27,A230398,12,3,50,28.3
2024-01-06 16:56:13,A230383,150,57,47,28.8
2024-01-06 16:55:36,A230626,131,54,54,27.7
2024-01-05 12:07:09,A230443,154,61,60,25
2024-01-06 16:54:19,A231934,122,50,61,28.3
2024-01-06 16:54:14,A364435,141,55,51,28.3
2024-01-06 16:56:06,A358570,146,56,55,26.6
2024-01-06 16:56:38,A06487,131,52,58,28.8
2024-01-06 17:55:28,A230398,3,1,54,27.7
2024-01-06 17:56:17,A230383,158,62,53,27.7
2024-01-06 17:53:37,A230626,144,58,58,26.6
2024-01-05 12:07:09,A230443,154,61,60,25
2024-01-06 17:54:21,A231934,133,53,72,27.2
2024-01-06 17:56:15,A364435,154,59,55,27.2
2024-01-06 17:56:07,A358570,145,56,56,26.6
2024-01-06 17:56:39,A06487,152,57,63,27.7
2024-01-06 18:55:29,A230398,14,3,56,27.2
2024-01-06 18:56:21,A230383,158,62,56,26.6
2024-01-06 18:55:38,A230626,151,60,61,26.1
2024-01-05 12:07:09,A230443,154,61,60,25
2024-01-06 18:56:22,A231934,150,57,74,26.6
2024-01-06 18:56:16,A364435,153,58,57,26.6
2024-01-06 18:56:08,A358570,143,55,56,26.6
2024-01-06 18:56:40,A06487,145,55,66,27.7
2024-01-06 19:55:30,A230398,8,2,58,26.6
2024-01-06 19:54:25,A230383,153,59,58,26.1
2024-01-06 19:55:39,A230626,154,61,64,25.5
2024-01-05 12:07:09,A230443,154,61,60,25
2024-01-06 19:54:23,A231934,141,55,77,26.6
2024-01-06 19:54:18,A364435,152,57,59,25
2024-01-06 19:56:09,A358570,148,56,58,26.1
2024-01-06 19:54:41,A06487,150,56,68,26.6
2024-01-06 20:55:31,A230398,131,49,62,25.5
2024-01-06 20:54:26,A230383,161,64,62,25.5
2024-01-06 20:55:40,A230626,149,59,67,25
2024-01-05 12:07:09,A230443,154,61,60,25
2024-01-06 20:54:24,A231934,151,57,86,25.5
2024-01-06 20:54:22,A364435,155,59,61,25.5
2024-01-06 20:56:10,A358570,151,57,60,25.5
2024-01-06 20:54:42,A06487,151,57,71,26.6
2024-01-06 21:55:32,A230398,98,39,63,25.5
2024-01-06 21:56:26,A230383,164,68,63,25
2024-01-06 21:55:45,A230626,151,60,69,24.4
2024-01-05 12:07:09,A230443,154,61,60,25
2024-01-06 21:56:25,A231934,138,55,88,25.5
2024-01-06 21:56:32,A364435,137,53,61,25.5
2024-01-06 21:56:11,A358570,132,53,61,25.5
2024-01-06 21:54:43,A06487,166,68,73,26.1
2024-01-06 22:55:34,A230398,13,3,64,25.5
2024-01-06 22:56:28,A230383,166,70,64,25
2024-01-06 22:55:47,A230626,143,58,69,24.4
2024-01-05 12:07:09,A230443,154,61,60,25
2024-01-06 22:56:26,A231934,140,55,86,25.5
2024-01-06 22:56:33,A364435,151,56,63,25
2024-01-06 22:56:12,A358570,138,54,61,25
2024-01-06 22:56:44,A06487,146,56,74,25.5
2024-01-06 23:55:35,A230398,24,6,63,25.5
2024-01-06 23:56:29,A230383,156,61,64,24.4
2024-01-06 23:55:47,A230626,150,59,70,24.4
2024-01-05 12:07:09,A230443,154,61,60,25
2024-01-06 23:56:27,A231934,139,55,84,25.5
2024-01-06 23:56:34,A364435,150,56,63,25
2024-01-06 23:56:13,A358570,136,53,61,25
2024-01-06 23:56:45,A06487,143,55,74,26.1
2024-01-07 00:55:36,A230398,5,1,61,25.5
2024-01-07 00:56:30,A230383,143,56,63,24.4
2024-01-07 00:55:48,A230626,137,56,68,24.4
2024-01-05 12:07:09,A230443,154,61,60,25
2024-01-07 00:56:28,A231934,116,47,83,25
2024-01-07 00:56:36,A364435,152,57,62,24.4
2024-01-07 00:56:14,A358570,138,54,62,25
2024-01-07 00:56:46,A06487,143,55,73,25
2024-01-07 01:55:37,A230398,5,1,61,25.5
2024-01-07 01:56:31,A230383,139,55,63,24.4
2024-01-07 01:55:49,A230626,122,52,69,24.4
2024-01-05 12:07:09,A230443,154,61,60,25
2024-01-07 01:56:29,A231934,113,45,84,25
2024-01-07 01:54:37,A364435,126,51,62,25
2024-01-07 01:56:15,A358570,127,51,61,25
2024-01-07 01:54:50,A06487,130,52,73,25.5
2024-01-07 02:57:38,A230398,6,1,62,25
2024-01-07 02:56:32,A230383,144,57,65,23.8
2024-01-07 02:55:50,A230626,118,51,70,23.8
2024-01-05 12:07:09,A230443,154,61,60,25
2024-01-07 02:56:30,A231934,112,46,86,24.4
2024-01-07 02:54:38,A364435,124,51,63,23.3
2024-01-07 02:54:16,A358570,122,49,62,25
2024-01-07 02:54:48,A06487,129,52,74,25.5
2024-01-07 03:57:40,A230398,8,2,64,25
2024-01-07 03:56:33,A230383,129,53,67,23.3
2024-01-07 03:57:51,A230626,130,55,70,23.8
2024-01-05 12:07:09,A230443,154,61,60,25
2024-01-07 03:54:31,A231934,123,51,88,23.8
2024-01-07 03:54:39,A364435,133,53,64,24.4
2024-01-07 03:54:17,A358570,141,55,63,25
2024-01-07 03:56:49,A06487,137,54,76,25.5
2024-01-07 04:55:41,A230398,8,2,64,25
2024-01-07 04:54:34,A230383,145,57,66,23.8
2024-01-07 04:53:52,A230626,121,52,70,23.8
2024-01-05 12:07:09,A230443,154,61,60,25
2024-01-07 04:54:32,A231934,127,52,87,25
2024-01-07 04:54:40,A364435,129,52,63,24.4
2024-01-07 04:54:18,A358570,127,51,62,25
2024-01-07 04:54:50,A06487,131,52,75,25.5
2024-01-07 05:53:42,A230398,2,0,63,25
2024-01-07 05:54:35,A230383,139,55,66,24.4
2024-01-07 05:53:53,A230626,131,55,70,23.8
2024-01-05 12:07:09,A230443,154,61,60,25
2024-01-07 05:54:33,A231934,131,53,85,25.5
2024-01-07 05:54:41,A364435,144,55,63,24.4
2024-01-07 05:54:19,A358570,134,53,63,22.7
2024-01-07 05:54:51,A06487,151,57,76,25.5
2024-01-07 06:57:43,A230398,24,5,63,25
2024-01-07 06:56:36,A230383,152,59,63,24.4
2024-01-07 06:55:54,A230626,134,56,68,24.4
2024-01-05 12:07:09,A230443,154,61,60,25
2024-01-07 06:56:34,A231934,138,55,87,25.5
2024-01-07 06:56:43,A364435,166,68,64,24.4
2024-01-07 06:56:20,A358570,168,70,64,24.4
2024-01-07 06:56:52,A06487,173,75,77,25.5
2024-01-07 07:57:44,A230398,3,1,63,25.5
2024-01-07 07:56:37,A230383,157,61,61,25.5
2024-01-07 07:57:55,A230626,144,58,67,25
2024-01-05 12:07:09,A230443,154,61,60,25
2024-01-07 07:56:36,A231934,142,56,84,26.1
2024-01-07 07:54:43,A364435,169,72,64,25
2024-01-07 07:54:21,A358570,163,65,64,24.4
2024-01-07 07:56:54,A06487,192,94,77,25.5
2024-01-07 08:55:46,A230398,16,5,57,26.6
2024-01-07 08:56:38,A230383,137,54,53,27.7
2024-01-07 08:55:56,A230626,133,55,63,25.5
2024-01-05 12:07:09,A230443,154,61,60,25
2024-01-07 08:56:37,A231934,122,50,62,30
2024-01-07 08:56:44,A364435,127,52,58,26.1
2024-01-07 08:56:22,A358570,135,53,60,25.5
2024-01-07 08:56:55,A06487,131,52,65,27.7
2024-01-07 09:55:47,A230398,7,2,50,28.3
2024-01-07 09:54:39,A230383,133,53,43,31.1
2024-01-07 09:55:58,A230626,114,49,55,26.6
2024-01-05 12:07:09,A230443,154,61,60,25
2024-01-07 09:54:38,A231934,106,42,56,30.5
2024-01-07 09:54:45,A364435,118,47,53,26.6
2024-01-07 09:54:23,A358570,111,44,55,26.1
2024-01-07 09:52:56,A06487,117,47,60,27.7
2024-01-07 10:55:48,A230398,13,3,52,27.2
2024-01-07 10:54:40,A230383,140,54,44,29.4
2024-01-07 10:55:59,A230626,114,49,51,27.7
2024-01-05 12:07:09,A230443,154,61,60,25
2024-01-07 10:54:39,A231934,106,42,60,27.7
2024-01-07 10:54:49,A364435,130,52,50,27.7
2024-01-07 10:56:24,A358570,131,52,53,26.6
2024-01-07 10:54:57,A06487,127,51,57,28.8
2024-01-07 11:55:49,A230398,9,2,51,27.2
2024-01-07 11:56:41,A230383,154,58,45,30
2024-01-07 11:56:00,A230626,118,51,50,28.3
2024-01-05 12:07:09,A230443,154,61,60,25
2024-01-07 11:56:40,A231934,118,48,62,27.2
2024-01-07 11:54:47,A364435,127,51,49,27.7
2024-01-07 11:56:26,A358570,124,50,53,26.6
2024-01-07 11:54:58,A06487,123,49,59,28.3
2024-01-07 12:55:50,A230398,19,4,51,27.7
2024-01-07 12:56:42,A230383,153,59,44,29.4
2024-01-07 12:56:01,A230626,125,53,49,28.8
2024-01-05 12:07:09,A230443,154,61,60,25
2024-01-07 12:56:41,A231934,118,48,61,27.7
2024-01-07 12:56:48,A364435,137,54,48,28.8
2024-01-07 12:56:27,A358570,127,51,51,27.2
2024-01-07 12:54:59,A06487,129,51,57,28.8
2024-01-07 13:55:51,A230398,19,5,52,27.7
2024-01-07 13:54:43,A230383,151,58,44,30.5
2024-01-07 13:56:02,A230626,128,53,51,28.3
2024-01-05 12:07:09,A230443,154,61,60,25
2024-01-07 13:56:42,A231934,133,53,61,28.8
2024-01-07 13:56:49,A364435,146,55,48,28.3
2024-01-07 13:56:30,A358570,139,54,53,27.2
2024-01-07 13:57:00,A06487,138,54,58,28.8
2024-01-07 14:55:53,A230398,7,1,51,27.7
2024-01-07 14:56:44,A230383,132,52,44,29.4
2024-01-07 14:56:03,A230626,105,44,49,28.3
2024-01-05 12:07:09,A230443,154,61,60,25
2024-01-07 14:56:43,A231934,120,48,61,28.8
2024-01-07 14:56:50,A364435,114,45,48,28.8
2024-01-07 14:56:28,A358570,113,44,51,27.2
2024-01-07 14:57:01,A06487,112,44,57,28.8
2024-01-07 15:55:54,A230398,0,0,51,27.7
2024-01-07 15:56:45,A230383,158,63,47,28.8
2024-01-07 15:56:04,A230626,106,45,51,27.7
2024-01-05 12:07:09,A230443,154,61,60,25
2024-01-07 15:56:44,A231934,116,47,64,27.7
2024-01-07 15:56:52,A364435,117,47,50,27.7
2024-01-07 15:56:30,A358570,114,45,52,27.2
2024-01-07 15:57:02,A06487,129,52,57,28.8
2024-01-07 16:53:55,A230398,21,5,52,27.2
2024-01-07 16:54:46,A230383,136,54,48,28.3
2024-01-07 16:54:05,A230626,118,51,53,27.2
2024-01-05 12:07:09,A230443,154,61,60,25
2024-01-07 16:54:45,A231934,111,44,66,27.2
2024-01-07 16:54:52,A364435,120,48,51,27.2
2024-01-07 16:54:30,A358570,121,49,53,26.6
2024-01-07 16:57:04,A06487,125,50,59,28.3
2024-01-07 17:55:56,A230398,86,34,57,26.6
2024-01-07 17:56:47,A230383,155,60,56,25.5
2024-01-07 17:56:06,A230626,142,57,60,26.1
2024-01-05 12:07:09,A230443,154,61,60,25
2024-01-07 17:56:46,A231934,137,55,76,26.1
2024-01-07 17:56:54,A364435,146,55,56,26.6
2024-01-07 17:56:34,A358570,139,54,55,26.1
2024-01-07 17:35:05,A06487,138,54,60,28.3
2024-01-07 18:55:57,A230398,112,42,60,26.1
2024-01-07 18:56:50,A230383,155,60,61,25
2024-01-07 18:56:07,A230626,130,54,65,25
2024-01-05 12:07:09,A230443,154,61,60,25
2024-01-07 18:56:47,A231934,150,58,83,25.5
2024-01-07 18:56:55,A364435,151,56,59,25.5
2024-01-07 18:56:33,A358570,145,55,58,26.1
2024-01-07 17:35:05,A06487,138,54,60,28.3
2024-01-07 19:57:59,A230398,90,35,63,25.5
2024-01-07 19:56:51,A230383,157,62,63,25
2024-01-07 19:58:10,A230626,135,55,67,24.4
2024-01-05 12:07:09,A230443,154,61,60,25
2024-01-07 19:56:48,A231934,142,55,86,25.5
2024-01-07 19:56:56,A364435,150,56,61,25.5
2024-01-07 19:56:34,A358570,141,55,59,26.1
2024-01-07 17:35:05,A06487,138,54,60,28.3
2024-01-07 20:58:00,A230398,95,38,64,25
2024-01-07 20:56:53,A230383,149,57,64,25
2024-01-07 20:58:12,A230626,129,54,68,24.4
2024-01-05 12:07:09,A230443,154,61,60,25
2024-01-07 20:56:49,A231934,134,54,87,25
2024-01-07 20:54:57,A364435,131,53,61,25
2024-01-07 20:54:35,A358570,125,51,59,25.5
2024-01-07 17:35:05,A06487,138,54,60,28.3
2024-01-07 21:56:01,A230398,89,35,65,25
2024-01-07 21:54:54,A230383,154,60,64,25
2024-01-07 21:56:13,A230626,132,54,67,25
2024-01-05 12:07:09,A230443,154,61,60,25
2024-01-07 21:52:50,A231934,136,54,89,25
2024-01-07 21:55:07,A364435,131,53,62,25
2024-01-07 21:52:35,A358570,129,52,60,25.5
2024-01-07 17:35:05,A06487,138,54,60,28.3
2024-01-07 22:56:02,A230398,11,3,65,25
2024-01-07 22:54:55,A230383,157,62,64,25
2024-01-07 22:56:14,A230626,144,59,67,25
2024-01-05 12:07:09,A230443,154,61,60,25
2024-01-07 22:54:51,A231934,143,56,90,25
2024-01-07 22:55:03,A364435,139,54,62,25
2024-01-07 22:54:37,A358570,132,52,60,25.5
2024-01-07 17:35:05,A06487,138,54,60,28.3
2024-01-07 23:56:03,A230398,8,2,66,25
2024-01-07 23:54:56,A230383,161,65,65,24.4
2024-01-07 23:54:15,A230626,153,61,69,24.4
2024-01-05 12:07:09,A230443,154,61,60,25
2024-01-07 23:54:52,A231934,144,56,91,25
2024-01-07 23:55:01,A364435,146,55,62,25
2024-01-07 23:54:37,A358570,134,53,61,25
2024-01-07 17:35:05,A06487,138,54,60,28.3
2024-01-08 00:56:04,A230398,9,2,66,25
2024-01-08 00:54:57,A230383,158,62,65,24.4
2024-01-08 00:56:17,A230626,144,58,70,24.4
2024-01-05 12:07:09,A230443,154,61,60,25
2024-01-08 00:54:53,A231934,145,56,91,25
2024-01-08 00:55:02,A364435,156,60,63,25
2024-01-08 00:54:38,A358570,145,55,62,25
2024-01-07 17:35:05,A06487,138,54,60,28.3
2024-01-08 01:56:05,A230398,17,5,67,24.4
2024-01-08 01:54:58,A230383,154,60,67,24.4
2024-01-08 01:56:18,A230626,137,57,71,23.8
2024-01-05 12:07:09,A230443,154,61,60,25
2024-01-08 01:54:54,A231934,145,56,92,25
2024-01-08 01:55:03,A364435,151,57,64,24.4
2024-01-08 01:56:40,A358570,143,55,62,25
2024-01-07 17:35:05,A06487,138,54,60,28.3
2024-01-08 02:56:06,A230398,1,0,67,25
2024-01-08 02:54:59,A230383,156,61,67,24.4
2024-01-08 02:56:19,A230626,137,56,71,23.8
2024-01-05 12:07:09,A230443,154,61,60,25
2024-01-08 02:56:55,A231934,145,56,93,25
2024-01-08 02:53:04,A364435,147,55,64,24.4
2024-01-08 02:56:41,A358570,135,53,63,25
2024-01-07 17:35:05,A06487,138,54,60,28.3
2024-01-08 03:56:08,A230398,9,2,68,24.4
2024-01-08 03:56:59,A230383,157,62,67,24.4
2024-01-08 03:56:20,A230626,139,57,72,23.8
2024-01-05 12:07:09,A230443,154,61,60,25
2024-01-08 03:56:56,A231934,133,53,92,25
2024-01-08 03:57:05,A364435,153,57,64,24.4
2024-01-08 03:56:42,A358570,146,55,63,25
2024-01-07 17:35:05,A06487,138,54,60,28.3
2024-01-08 04:56:09,A230398,15,4,68,24.4
2024-01-08 04:57:00,A230383,157,62,68,23.8
2024-01-08 04:56:21,A230626,140,57,73,23.8
2024-01-05 12:07:09,A230443,154,61,60,25
2024-01-08 04:56:58,A231934,138,55,93,25
2024-01-08 04:57:15,A364435,157,60,65,24.4
2024-01-08 04:56:43,A358570,152,58,64,25
2024-01-07 17:35:05,A06487,138,54,60,28.3
2024-01-08 05:56:10,A230398,8,2,68,24.4
2024-01-08 05:57:01,A230383,160,64,68,24.4
2024-01-08 05:56:22,A230626,142,58,73,23.8
2024-01-05 12:07:09,A230443,154,61,60,25
2024-01-08 05:56:59,A231934,148,57,95,25
2024-01-08 05:57:18,A364435,153,57,64,24.4
2024-01-08 05:56:44,A358570,147,56,64,25
2024-01-07 17:35:05,A06487,138,54,60,28.3
2024-01-08 06:56:12,A230398,12,3,67,25
